Name,Longitude,Latitude,Elevation (m),Date,ppt (mm),tmin (degrees C),tmean (degrees C),tmax (degrees C),vpdmin (hPa),vpdmax (hPa)
CCNB,-120.4770,38.0558,431,2010,1205.45,8.4,15.4,22.4,2.13,21.66
CCNB,-120.4770,38.0558,431,2011,742.36,8.0,15.2,22.4,2.26,21.90
CCNB,-120.4770,38.0558,431,2012,864.80,8.8,16.3,23.9,3.15,24.99
CCNB,-120.4770,38.0558,431,2013,233.22,8.0,16.2,24.3,2.93,25.22
CCNB,-120.4770,38.0558,431,2014,656.26,9.6,17.3,25.0,3.37,25.93
CCNB,-120.4770,38.0558,431,2015,576.60,8.8,16.7,24.7,2.57,25.78
CCNB,-120.4770,38.0558,431,2016,911.70,8.9,16.6,24.3,2.76,25.40
CCNB,-120.4770,38.0558,431,2017,1167.99,9.6,16.9,24.1,3.99,24.88
CCNB,-120.4770,38.0558,431,2018,735.64,9.2,16.7,24.2,3.57,24.57
CCNB,-120.4770,38.0558,431,2019,1127.58,9.1,16.2,23.3,2.92,23.38
CCNB,-120.4770,38.0558,431,2020,442.59,9.7,17.2,24.7,4.06,26.69
CCNB,-120.4770,38.0558,431,2021,712.09,9.3,16.9,24.4,3.62,26.84
CCNB,-120.4770,38.0558,431,2022,532.51,9.1,16.9,24.7,3.80,27.82
CCNB,-120.4770,38.0558,431,2023,992.49,9.1,15.9,22.8,2.72,22.29
CCNB,-120.4770,38.0558,431,2024,821.88,10.3,17.0,23.7,3.80,24.02
,,,,,,,,,,
CFSR,-119.7932,38.4040,1927,2010,1822.77,0.1,7.6,15.1,2.46,14.85
CFSR,-119.7932,38.4040,1927,2011,1276.08,-0.2,7.5,15.3,2.57,16.82
CFSR,-119.7932,38.4040,1927,2012,1311.73,1.4,9.2,17.0,3.20,17.81
CFSR,-119.7932,38.4040,1927,2013,464.70,0.1,8.4,16.7,3.06,18.06
CFSR,-119.7932,38.4040,1927,2014,1014.30,1.8,9.7,17.6,3.26,17.90
CFSR,-119.7932,38.4040,1927,2015,1027.52,1.5,9.3,17.1,3.07,17.08
CFSR,-119.7932,38.4040,1927,2016,1465.43,1.3,9.0,16.7,3.24,17.10
CFSR,-119.7932,38.4040,1927,2017,2276.56,1.1,8.6,16.2,2.83,16.26
CFSR,-119.7932,38.4040,1927,2018,1152.33,0.8,8.8,16.7,3.16,17.26
CFSR,-119.7932,38.4040,1927,2019,1757.06,0.0,7.5,15.1,2.57,16.79
CFSR,-119.7932,38.4040,1927,2020,718.37,0.4,8.9,17.4,3.27,18.54
CFSR,-119.7932,38.4040,1927,2021,1310.45,1.5,9.2,16.9,2.93,17.52
CFSR,-119.7932,38.4040,1927,2022,896.81,1.1,8.7,16.2,3.02,16.78
CFSR,-119.7932,38.4040,1927,2023,1694.51,0.2,7.2,14.2,1.89,13.76
CFSR,-119.7932,38.4040,1927,2024,1305.71,1.3,8.8,16.4,2.42,16.26
,,,,,,,,,,
ARN,-119.7978,38.4058,1909,2010,1817.64,0.1,7.6,15.1,2.36,14.86
ARN,-119.7978,38.4058,1909,2011,1261.53,-0.4,7.5,15.4,2.44,16.80
ARN,-119.7978,38.4058,1909,2012,1304.06,1.4,9.2,17.1,3.11,17.86
ARN,-119.7978,38.4058,1909,2013,463.67,0.0,8.4,16.8,2.95,18.10
ARN,-119.7978,38.4058,1909,2014,1012.18,1.7,9.7,17.7,3.15,17.90
ARN,-119.7978,38.4058,1909,2015,1018.43,1.4,9.3,17.2,3.00,17.16
ARN,-119.7978,38.4058,1909,2016,1445.55,1.3,9.1,16.8,3.18,17.09
ARN,-119.7978,38.4058,1909,2017,2256.73,1.0,8.6,16.2,2.78,16.21
ARN,-119.7978,38.4058,1909,2018,1140.13,0.7,8.8,16.8,3.07,17.32
ARN,-119.7978,38.4058,1909,2019,1742.04,0.0,7.6,15.2,2.54,16.88
ARN,-119.7978,38.4058,1909,2020,712.81,0.5,9.0,17.5,3.24,18.79
ARN,-119.7978,38.4058,1909,2021,1307.56,1.6,9.3,17.1,2.91,17.72
ARN,-119.7978,38.4058,1909,2022,887.84,1.1,8.7,16.3,2.92,16.82
ARN,-119.7978,38.4058,1909,2023,1678.40,0.2,7.2,14.3,1.86,13.86
ARN,-119.7978,38.4058,1909,2024,1303.65,1.3,8.9,16.4,2.41,16.31
,,,,,,,,,,
CRP,-120.4378,38.5669,1224,2010,1656.71,4.6,11.7,18.8,2.08,17.20
CRP,-120.4378,38.5669,1224,2011,1177.78,3.9,11.2,18.6,2.06,17.58
CRP,-120.4378,38.5669,1224,2012,1455.67,4.5,12.4,20.2,2.51,20.06
CRP,-120.4378,38.5669,1224,2013,444.73,4.1,12.1,20.2,2.62,20.00
CRP,-120.4378,38.5669,1224,2014,1083.92,5.5,13.2,20.9,2.90,20.40
CRP,-120.4378,38.5669,1224,2015,936.50,5.2,12.9,20.6,2.76,19.95
CRP,-120.4378,38.5669,1224,2016,1563.13,4.7,12.3,19.9,2.75,19.29
CRP,-120.4378,38.5669,1224,2017,2106.86,5.1,12.5,19.9,3.00,19.57
CRP,-120.4378,38.5669,1224,2018,1095.19,4.9,12.6,20.3,3.16,19.83
CRP,-120.4378,38.5669,1224,2019,1711.52,4.5,11.6,18.8,2.24,17.19
CRP,-120.4378,38.5669,1224,2020,726.28,5.5,13.3,20.9,3.13,21.09
CRP,-120.4378,38.5669,1224,2021,1188.08,5.8,13.1,20.4,3.64,20.98
CRP,-120.4378,38.5669,1224,2022,951.38,5.9,13.0,20.2,3.82,20.38
CRP,-120.4378,38.5669,1224,2023,1514.28,5.4,11.8,18.2,2.40,16.10
CRP,-120.4378,38.5669,1224,2024,1137.14,5.5,12.5,19.4,2.02,18.28
,,,,,,,,,,
CAT,-120.3104,38.5994,1726,2010,1722.86,3.0,9.6,16.1,2.24,14.69
CAT,-120.3104,38.5994,1726,2011,1196.01,2.9,9.5,16.1,2.26,15.42
CAT,-120.3104,38.5994,1726,2012,1405.64,3.9,10.7,17.6,2.93,17.28
CAT,-120.3104,38.5994,1726,2013,466.84,3.6,10.6,17.7,3.21,17.87
CAT,-120.3104,38.5994,1726,2014,1063.10,4.9,11.6,18.4,3.47,17.54
CAT,-120.3104,38.5994,1726,2015,950.38,4.6,11.3,18.0,3.41,16.94
CAT,-120.3104,38.5994,1726,2016,1500.89,4.2,10.8,17.4,3.39,16.52
CAT,-120.3104,38.5994,1726,2017,2130.34,4.2,10.8,17.3,3.30,16.73
CAT,-120.3104,38.5994,1726,2018,1086.38,4.3,11.0,17.7,3.69,17.00
CAT,-120.3104,38.5994,1726,2019,1729.23,3.3,9.6,15.9,2.67,14.05
CAT,-120.3104,38.5994,1726,2020,710.95,4.4,11.2,18.0,3.38,17.67
CAT,-120.3104,38.5994,1726,2021,1338.28,5.3,11.5,17.8,3.72,17.78
CAT,-120.3104,38.5994,1726,2022,1080.97,5.2,11.3,17.3,3.99,17.09
CAT,-120.3104,38.5994,1726,2023,1923.53,4.5,9.8,15.1,2.59,13.34
CAT,-120.3104,38.5994,1726,2024,1272.00,5.8,10.9,16.0,3.40,14.64
,,,,,,,,,,
SIAR,-120.2014,38.6949,1723,2010,1622.54,2.3,9.2,16.2,2.28,14.82
SIAR,-120.2014,38.6949,1723,2011,1100.83,2.6,9.3,16.1,2.44,15.42
SIAR,-120.2014,38.6949,1723,2012,1201.34,3.2,10.4,17.6,2.91,17.28
SIAR,-120.2014,38.6949,1723,2013,446.19,2.1,9.8,17.6,2.97,17.87
SIAR,-120.2014,38.6949,1723,2014,982.93,3.7,10.9,18.2,3.26,17.39
SIAR,-120.2014,38.6949,1723,2015,865.09,3.2,10.5,17.7,3.37,16.66
SIAR,-120.2014,38.6949,1723,2016,1268.35,2.7,9.9,17.1,3.20,16.25
SIAR,-120.2014,38.6949,1723,2017,1941.11,2.8,9.7,16.7,3.02,15.96
SIAR,-120.2014,38.6949,1723,2018,949.70,2.6,10.0,17.5,3.40,17.00
SIAR,-120.2014,38.6949,1723,2019,1548.12,1.8,8.7,15.5,2.74,14.30
SIAR,-120.2014,38.6949,1723,2020,631.95,2.8,10.3,17.9,3.18,17.50
SIAR,-120.2014,38.6949,1723,2021,1298.76,2.9,10.2,17.6,2.94,17.78
SIAR,-120.2014,38.6949,1723,2022,1092.23,3.7,10.3,17.0,3.69,16.87
SIAR,-120.2014,38.6949,1723,2023,1870.79,3.3,9.3,15.3,2.55,14.11
SIAR,-120.2014,38.6949,1723,2024,1306.27,4.2,10.4,16.5,2.99,15.71
,,,,,,,,,,
LYN,-120.2559,38.8137,2029,2010,1572.27,2.0,7.7,13.3,2.39,12.33
LYN,-120.2559,38.8137,2029,2011,1099.11,1.9,7.6,13.4,2.26,12.42
LYN,-120.2559,38.8137,2029,2012,1211.49,3.1,9.0,14.8,2.81,13.96
LYN,-120.2559,38.8137,2029,2013,459.62,2.9,8.9,15.0,3.17,14.57
LYN,-120.2559,38.8137,2029,2014,1043.04,4.1,9.8,15.5,3.61,14.13
LYN,-120.2559,38.8137,2029,2015,839.05,3.8,9.6,15.3,3.47,13.68
LYN,-120.2559,38.8137,2029,2016,1398.77,3.5,9.1,14.7,3.26,13.51
LYN,-120.2559,38.8137,2029,2017,1986.91,3.4,8.9,14.4,3.18,13.36
LYN,-120.2559,38.8137,2029,2018,968.52,3.6,9.3,15.0,3.62,13.97
LYN,-120.2559,38.8137,2029,2019,1592.11,2.3,7.8,13.2,2.73,11.37
LYN,-120.2559,38.8137,2029,2020,670.07,3.7,9.5,15.3,3.78,14.57
LYN,-120.2559,38.8137,2029,2021,1421.61,4.1,9.2,14.3,3.89,13.91
LYN,-120.2559,38.8137,2029,2022,1329.92,3.7,8.8,13.9,4.17,13.48
LYN,-120.2559,38.8137,2029,2023,2070.72,2.3,7.2,12.1,2.69,11.12
LYN,-120.2559,38.8137,2029,2024,1490.17,3.2,8.3,13.3,3.57,12.57
,,,,,,,,,,
TRAV,-120.8181,38.8732,707,2010,1610.71,8.3,14.2,20.1,3.51,18.32
TRAV,-120.8181,38.8732,707,2011,1109.90,7.9,14.1,20.2,3.49,18.67
TRAV,-120.8181,38.8732,707,2012,1535.05,8.9,15.2,21.4,4.59,21.07
TRAV,-120.8181,38.8732,707,2013,375.85,8.9,15.4,21.9,4.90,21.40
TRAV,-120.8181,38.8732,707,2014,1178.68,10.3,16.4,22.5,5.34,22.12
TRAV,-120.8181,38.8732,707,2015,758.75,9.9,16.1,22.3,5.16,21.83
TRAV,-120.8181,38.8732,707,2016,1611.73,9.3,15.5,21.6,4.76,21.07
TRAV,-120.8181,38.8732,707,2017,1861.32,9.6,15.6,21.6,4.68,21.21
TRAV,-120.8181,38.8732,707,2018,1104.46,9.4,15.6,21.9,4.85,21.50
TRAV,-120.8181,38.8732,707,2019,1525.22,9.1,14.9,20.8,3.81,19.21
TRAV,-120.8181,38.8732,707,2020,720.90,9.9,16.2,22.5,5.41,22.95
TRAV,-120.8181,38.8732,707,2021,1174.88,10.5,16.4,22.3,4.78,23.35
TRAV,-120.8181,38.8732,707,2022,936.02,10.3,16.2,22.1,6.04,22.66
TRAV,-120.8181,38.8732,707,2023,1313.27,9.3,14.7,20.1,4.02,17.99
TRAV,-120.8181,38.8732,707,2024,1218.10,9.7,15.6,21.5,4.09,20.15
,,,,,,,,,,
BR55,-121.2733,39.1136,128,2010,898.89,9.4,15.8,22.3,2.00,19.37
BR55,-121.2733,39.1136,128,2011,602.13,8.6,15.4,22.3,1.77,19.51
BR55,-121.2733,39.1136,128,2012,938.00,9.4,16.5,23.5,2.70,22.33
BR55,-121.2733,39.1136,128,2013,192.41,8.6,16.4,24.2,2.55,23.78
BR55,-121.2733,39.1136,128,2014,698.89,10.6,17.7,24.9,2.84,24.17
BR55,-121.2733,39.1136,128,2015,322.42,10.1,17.3,24.6,2.90,23.70
BR55,-121.2733,39.1136,128,2016,765.79,10.1,16.9,23.8,2.67,22.09
BR55,-121.2733,39.1136,128,2017,934.16,10.3,17.1,23.9,2.74,22.53
BR55,-121.2733,39.1136,128,2018,737.70,9.2,16.6,24.1,2.30,22.65
BR55,-121.2733,39.1136,128,2019,980.70,9.8,16.6,23.4,2.31,21.46
BR55,-121.2733,39.1136,128,2020,299.92,9.7,17.2,24.8,2.85,24.82
BR55,-121.2733,39.1136,128,2021,679.12,10.0,17.1,24.3,3.36,24.70
BR55,-121.2733,39.1136,128,2022,447.02,9.7,17.2,24.7,3.53,25.88
BR55,-121.2733,39.1136,128,2023,739.39,10.0,16.5,23.0,2.79,21.10
BR55,-121.2733,39.1136,128,2024,773.99,11.3,17.8,24.2,3.89,23.68
,,,,,,,,,,
DC116,-121.2423,39.2290,311,2010,1188.16,9.9,15.8,21.7,2.70,18.21
DC116,-121.2423,39.2290,311,2011,799.79,9.4,15.5,21.7,2.57,18.25
DC116,-121.2423,39.2290,311,2012,1220.94,10.1,16.5,22.9,3.51,20.87
DC116,-121.2423,39.2290,311,2013,252.24,10.1,16.8,23.5,3.65,22.10
DC116,-121.2423,39.2290,311,2014,922.51,11.7,17.9,24.2,3.88,22.22
DC116,-121.2423,39.2290,311,2015,459.79,11.1,17.5,24.0,3.82,21.90
DC116,-121.2423,39.2290,311,2016,1137.07,11.1,17.1,23.2,3.55,20.36
DC116,-121.2423,39.2290,311,2017,1298.73,11.3,17.3,23.3,3.43,20.61
DC116,-121.2423,39.2290,311,2018,873.03,10.5,17.0,23.5,3.78,21.65
DC116,-121.2423,39.2290,311,2019,1203.84,10.5,16.6,22.7,3.54,20.70
DC116,-121.2423,39.2290,311,2020,447.79,11.1,17.5,24.0,4.91,23.60
DC116,-121.2423,39.2290,311,2021,877.15,10.8,17.0,23.3,4.25,22.83
DC116,-121.2423,39.2290,311,2022,610.33,11.1,17.4,23.7,5.15,23.63
DC116,-121.2423,39.2290,311,2023,919.05,10.6,16.3,21.9,3.75,19.12
DC116,-121.2423,39.2290,311,2024,1053.07,11.7,17.3,22.9,4.54,21.25
,,,,,,,,,,
DC110,-121.2442,39.2302,323,2010,1163.39,9.9,15.8,21.7,2.68,18.20
DC110,-121.2442,39.2302,323,2011,788.31,9.3,15.5,21.7,2.54,18.27
DC110,-121.2442,39.2302,323,2012,1201.22,10.1,16.5,22.9,3.52,20.92
DC110,-121.2442,39.2302,323,2013,248.03,10.0,16.8,23.5,3.65,22.12
DC110,-121.2442,39.2302,323,2014,901.17,11.6,17.9,24.2,3.87,22.25
DC110,-121.2442,39.2302,323,2015,447.58,11.1,17.5,23.9,3.78,21.89
DC110,-121.2442,39.2302,323,2016,1113.99,11.0,17.1,23.2,3.54,20.40
DC110,-121.2442,39.2302,323,2017,1282.96,11.3,17.3,23.3,3.42,20.66
DC110,-121.2442,39.2302,323,2018,857.71,10.5,17.0,23.4,3.77,21.65
DC110,-121.2442,39.2302,323,2019,1187.16,10.5,16.6,22.7,3.51,20.72
DC110,-121.2442,39.2302,323,2020,434.10,11.1,17.5,23.9,4.88,23.60
DC110,-121.2442,39.2302,323,2021,858.48,10.7,17.0,23.3,4.21,22.88
DC110,-121.2442,39.2302,323,2022,593.69,10.9,17.3,23.7,5.06,23.67
DC110,-121.2442,39.2302,323,2023,889.58,10.5,16.2,21.9,3.66,19.15
DC110,-121.2442,39.2302,323,2024,1029.00,11.7,17.3,22.9,4.53,21.23
,,,,,,,,,,
EFAR,-120.6488,39.2505,1433,2010,2347.49,6.0,10.9,15.8,4.06,14.70
EFAR,-120.6488,39.2505,1433,2011,1586.83,6.0,11.1,16.2,4.07,14.79
EFAR,-120.6488,39.2505,1433,2012,2255.51,7.2,12.4,17.6,5.40,17.19
EFAR,-120.6488,39.2505,1433,2013,600.50,7.4,12.8,18.2,5.38,17.14
EFAR,-120.6488,39.2505,1433,2014,1661.29,8.6,13.5,18.3,5.77,17.22
EFAR,-120.6488,39.2505,1433,2015,1041.18,8.4,13.4,18.4,5.64,17.23
EFAR,-120.6488,39.2505,1433,2016,2309.15,7.6,12.5,17.4,5.28,16.26
EFAR,-120.6488,39.2505,1433,2017,2727.38,7.6,12.4,17.3,5.09,16.19
EFAR,-120.6488,39.2505,1433,2018,1502.68,8.0,13.0,18.0,5.64,16.99
EFAR,-120.6488,39.2505,1433,2019,2279.42,6.8,11.5,16.2,4.43,14.35
EFAR,-120.6488,39.2505,1433,2020,933.28,8.3,13.5,18.7,6.02,18.15
EFAR,-120.6488,39.2505,1433,2021,1611.96,7.9,13.0,18.2,5.92,18.26
EFAR,-120.6488,39.2505,1433,2022,1218.36,7.4,12.8,18.3,5.56,17.63
EFAR,-120.6488,39.2505,1433,2023,1814.61,5.6,10.8,16.1,3.49,14.14
EFAR,-120.6488,39.2505,1433,2024,1736.88,6.4,11.6,16.9,4.27,15.84
,,,,,,,,,,
MON,-120.6154,39.2596,1607,2010,2425.95,5.1,9.9,14.7,3.87,13.78
MON,-120.6154,39.2596,1607,2011,1663.51,5.1,10.0,14.9,3.82,13.70
MON,-120.6154,39.2596,1607,2012,2330.90,6.3,11.4,16.4,4.95,15.88
MON,-120.6154,39.2596,1607,2013,622.68,6.5,11.7,17.0,4.98,15.95
MON,-120.6154,39.2596,1607,2014,1682.63,7.5,12.3,17.1,5.42,16.25
MON,-120.6154,39.2596,1607,2015,1075.97,7.3,12.3,17.2,5.26,16.09
MON,-120.6154,39.2596,1607,2016,2357.32,6.5,11.4,16.2,5.03,15.32
MON,-120.6154,39.2596,1607,2017,2802.55,6.6,11.4,16.2,4.76,15.21
MON,-120.6154,39.2596,1607,2018,1528.31,6.9,11.8,16.8,5.25,15.93
MON,-120.6154,39.2596,1607,2019,2306.80,5.6,10.3,15.0,4.10,13.41
MON,-120.6154,39.2596,1607,2020,950.50,7.1,12.3,17.5,5.53,17.04
MON,-120.6154,39.2596,1607,2021,1614.92,6.9,12.1,17.2,5.56,17.19
MON,-120.6154,39.2596,1607,2022,1255.18,6.6,11.8,17.1,5.34,16.40
MON,-120.6154,39.2596,1607,2023,1852.60,4.9,9.9,14.9,3.45,13.21
MON,-120.6154,39.2596,1607,2024,1785.79,5.7,10.7,15.7,4.30,14.78
,,,,,,,,,,
DC20,-121.0020,39.2679,791,2010,2038.91,6.9,12.8,18.7,2.50,16.14
DC20,-121.0020,39.2679,791,2011,1305.59,6.6,12.6,18.7,2.72,16.13
DC20,-121.0020,39.2679,791,2012,2061.23,7.6,14.0,20.4,3.76,19.32
DC20,-121.0020,39.2679,791,2013,434.53,7.4,14.1,20.8,4.04,19.74
DC20,-121.0020,39.2679,791,2014,1456.55,9.1,15.2,21.3,4.34,20.24
DC20,-121.0020,39.2679,791,2015,823.55,8.8,15.0,21.3,4.32,20.20
DC20,-121.0020,39.2679,791,2016,1844.00,7.6,14.1,20.7,3.82,19.12
DC20,-121.0020,39.2679,791,2017,2180.97,8.3,14.5,20.7,3.24,18.79
DC20,-121.0020,39.2679,791,2018,1236.84,8.3,14.7,21.0,3.94,20.01
DC20,-121.0020,39.2679,791,2019,1812.00,7.3,13.5,19.7,2.76,17.33
DC20,-121.0020,39.2679,791,2020,753.96,8.3,15.0,21.7,4.32,21.63
DC20,-121.0020,39.2679,791,2021,1278.10,8.0,14.6,21.2,4.17,21.54
DC20,-121.0020,39.2679,791,2022,930.27,8.4,15.0,21.6,4.66,22.30
DC20,-121.0020,39.2679,791,2023,1409.90,7.9,13.8,19.6,3.48,17.45
DC20,-121.0020,39.2679,791,2024,1579.00,9.2,14.9,20.6,4.52,19.67
,,,,,,,,,,
FUL,-120.6752,39.2863,1501,2010,2339.45,5.5,10.0,14.5,3.90,13.02
FUL,-120.6752,39.2863,1501,2011,1591.44,5.5,10.1,14.8,3.87,13.02
FUL,-120.6752,39.2863,1501,2012,2276.85,6.7,11.5,16.2,5.12,15.11
FUL,-120.6752,39.2863,1501,2013,609.87,6.9,12.0,17.0,5.09,15.40
FUL,-120.6752,39.2863,1501,2014,1672.01,8.0,12.5,17.1,5.55,15.75
FUL,-120.6752,39.2863,1501,2015,1050.87,7.8,12.5,17.3,5.39,15.77
FUL,-120.6752,39.2863,1501,2016,2337.71,6.9,11.5,16.0,5.12,14.55
FUL,-120.6752,39.2863,1501,2017,2747.75,7.0,11.6,16.2,4.85,14.77
FUL,-120.6752,39.2863,1501,2018,1509.64,7.3,12.0,16.7,5.34,15.27
FUL,-120.6752,39.2863,1501,2019,2314.48,6.0,10.5,15.0,4.14,12.89
FUL,-120.6752,39.2863,1501,2020,950.11,7.5,12.5,17.4,5.63,16.29
FUL,-120.6752,39.2863,1501,2021,1653.91,7.7,12.4,17.1,5.93,16.71
FUL,-120.6752,39.2863,1501,2022,1242.15,7.3,12.3,17.3,5.62,16.06
FUL,-120.6752,39.2863,1501,2023,1838.73,5.5,10.4,15.2,3.61,13.09
FUL,-120.6752,39.2863,1501,2024,1780.10,6.3,11.4,16.6,4.41,15.44
,,,,,,,,,,
DC10,-120.8865,39.2957,1048,2010,2265.74,6.3,12.2,18.0,3.05,16.86
DC10,-120.8865,39.2957,1048,2011,1460.99,6.1,12.2,18.2,3.16,16.77
DC10,-120.8865,39.2957,1048,2012,2247.43,7.3,13.5,19.7,4.52,19.71
DC10,-120.8865,39.2957,1048,2013,511.69,7.1,13.6,20.2,4.64,19.49
DC10,-120.8865,39.2957,1048,2014,1594.81,8.9,14.7,20.5,4.84,19.50
DC10,-120.8865,39.2957,1048,2015,953.18,8.4,14.5,20.6,4.63,19.62
DC10,-120.8865,39.2957,1048,2016,2143.04,7.5,13.6,19.7,4.37,18.57
DC10,-120.8865,39.2957,1048,2017,2541.50,8.0,13.9,19.8,3.89,18.53
DC10,-120.8865,39.2957,1048,2018,1400.93,7.8,14.0,20.3,4.25,19.58
DC10,-120.8865,39.2957,1048,2019,2109.32,7.1,12.9,18.7,3.41,16.82
DC10,-120.8865,39.2957,1048,2020,858.11,8.1,14.5,20.9,4.84,20.87
DC10,-120.8865,39.2957,1048,2021,1443.59,8.3,14.4,20.5,4.71,20.98
DC10,-120.8865,39.2957,1048,2022,1057.33,8.1,14.4,20.6,4.99,20.59
DC10,-120.8865,39.2957,1048,2023,1633.38,7.7,13.1,18.5,3.87,16.35
DC10,-120.8865,39.2957,1048,2024,1700.01,9.1,14.4,19.8,5.10,18.66
,,,,,,,,,,
ROCK,-120.9287,39.3010,1135,2010,2196.75,6.5,12.0,17.5,3.28,15.78
ROCK,-120.9287,39.3010,1135,2011,1431.46,6.5,12.2,17.8,3.50,15.78
ROCK,-120.9287,39.3010,1135,2012,2184.64,7.9,13.5,19.1,4.88,18.50
ROCK,-120.9287,39.3010,1135,2013,492.74,7.7,13.7,19.7,4.93,18.53
ROCK,-120.9287,39.3010,1135,2014,1550.82,9.6,14.8,19.9,5.55,18.49
ROCK,-120.9287,39.3010,1135,2015,908.17,9.1,14.6,20.1,5.27,18.67
ROCK,-120.9287,39.3010,1135,2016,2032.29,8.1,13.6,19.1,4.86,17.53
ROCK,-120.9287,39.3010,1135,2017,2421.86,8.5,13.8,19.1,4.33,17.50
ROCK,-120.9287,39.3010,1135,2018,1343.57,8.5,14.1,19.7,4.93,18.47
ROCK,-120.9287,39.3010,1135,2019,2031.36,7.6,12.9,18.1,3.79,15.73
ROCK,-120.9287,39.3010,1135,2020,831.70,8.9,14.6,20.3,5.48,19.79
ROCK,-120.9287,39.3010,1135,2021,1430.08,8.9,14.3,19.8,5.34,19.81
ROCK,-120.9287,39.3010,1135,2022,1022.10,9.1,14.5,19.9,6.07,19.44
ROCK,-120.9287,39.3010,1135,2023,1573.55,8.5,13.2,17.9,4.65,15.29
ROCK,-120.9287,39.3010,1135,2024,1673.60,9.6,14.4,19.1,5.48,16.89
,,,,,,,,,,
BR10,-120.6674,39.3089,1425,2010,2347.77,4.6,10.1,15.6,3.18,14.45
BR10,-120.6674,39.3089,1425,2011,1607.50,4.6,10.2,15.8,3.17,14.40
BR10,-120.6674,39.3089,1425,2012,2297.26,5.9,11.6,17.3,4.30,16.87
BR10,-120.6674,39.3089,1425,2013,611.70,5.7,11.8,17.9,4.36,16.95
BR10,-120.6674,39.3089,1425,2014,1676.57,7.4,12.7,18.1,4.93,17.04
BR10,-120.6674,39.3089,1425,2015,1054.55,7.0,12.7,18.3,4.70,17.17
BR10,-120.6674,39.3089,1425,2016,2327.19,6.1,11.6,17.2,4.37,16.10
BR10,-120.6674,39.3089,1425,2017,2772.01,6.3,11.7,17.2,4.05,16.10
BR10,-120.6674,39.3089,1425,2018,1507.23,6.3,12.0,17.7,4.46,16.70
BR10,-120.6674,39.3089,1425,2019,2277.12,5.3,10.7,16.1,3.48,14.20
BR10,-120.6674,39.3089,1425,2020,945.55,6.6,12.5,18.3,4.89,17.81
BR10,-120.6674,39.3089,1425,2021,1621.04,6.5,12.1,17.8,4.84,17.75
BR10,-120.6674,39.3089,1425,2022,1240.98,6.1,12.0,18.0,4.47,17.41
BR10,-120.6674,39.3089,1425,2023,1856.01,4.2,10.1,16.0,2.54,13.98
BR10,-120.6674,39.3089,1425,2024,1755.41,4.4,10.6,16.7,2.49,15.15
,,,,,,,,,,
SHADY,-121.0908,39.3327,616,2010,1521.49,8.3,14.8,21.2,3.02,19.63
SHADY,-121.0908,39.3327,616,2011,915.82,7.9,14.4,21.0,3.13,19.49
SHADY,-121.0908,39.3327,616,2012,1451.47,8.9,15.7,22.4,4.15,22.55
SHADY,-121.0908,39.3327,616,2013,333.01,8.8,16.0,23.2,4.28,23.35
SHADY,-121.0908,39.3327,616,2014,1147.25,10.2,16.9,23.6,4.48,23.52
SHADY,-121.0908,39.3327,616,2015,579.91,9.8,16.7,23.6,4.41,23.56
SHADY,-121.0908,39.3327,616,2016,1417.49,9.3,16.0,22.8,3.90,22.30
SHADY,-121.0908,39.3327,616,2017,1685.34,9.6,16.4,23.1,3.80,23.01
SHADY,-121.0908,39.3327,616,2018,1016.13,9.4,16.5,23.6,4.28,23.91
SHADY,-121.0908,39.3327,616,2019,1443.74,8.9,15.6,22.3,3.35,21.30
SHADY,-121.0908,39.3327,616,2020,627.77,9.8,17.0,24.2,4.75,25.65
SHADY,-121.0908,39.3327,616,2021,1046.64,9.6,16.6,23.7,4.37,25.71
SHADY,-121.0908,39.3327,616,2022,774.26,9.2,16.6,24.0,4.90,26.30
SHADY,-121.0908,39.3327,616,2023,1134.86,8.3,15.0,21.6,3.03,20.37
SHADY,-121.0908,39.3327,616,2024,1258.60,9.1,15.7,22.3,3.09,21.42
,,,,,,,,,,
OC10,-121.0465,39.4457,742,2010,1934.88,7.0,13.6,20.1,2.59,18.53
OC10,-121.0465,39.4457,742,2011,1246.36,6.5,13.2,20.0,2.64,18.50
OC10,-121.0465,39.4457,742,2012,1909.13,7.4,14.5,21.6,3.58,21.55
OC10,-121.0465,39.4457,742,2013,428.35,7.2,14.6,22.1,3.60,21.96
OC10,-121.0465,39.4457,742,2014,1438.12,8.6,15.7,22.7,3.68,22.27
OC10,-121.0465,39.4457,742,2015,760.69,8.2,15.5,22.7,3.61,22.45
OC10,-121.0465,39.4457,742,2016,1855.20,7.8,14.8,21.8,3.44,21.03
OC10,-121.0465,39.4457,742,2017,2111.93,8.2,15.0,21.9,3.23,21.02
OC10,-121.0465,39.4457,742,2018,1239.41,7.8,15.1,22.4,3.47,22.21
OC10,-121.0465,39.4457,742,2019,1795.83,7.4,14.2,20.9,2.73,19.54
OC10,-121.0465,39.4457,742,2020,732.33,8.1,15.5,22.9,3.94,23.47
OC10,-121.0465,39.4457,742,2021,1311.61,8.0,15.1,22.3,3.93,23.35
OC10,-121.0465,39.4457,742,2022,978.49,7.7,15.0,22.4,3.98,23.56
OC10,-121.0465,39.4457,742,2023,1422.62,7.0,13.7,20.4,2.26,18.60
OC10,-121.0465,39.4457,742,2024,1589.30,8.1,14.7,21.2,2.58,19.71
,,,,,,,,,,
CORC,-120.9669,39.4656,1084,2010,2156.02,5.1,11.3,17.6,2.98,16.62
CORC,-120.9669,39.4656,1084,2011,1441.29,5.2,11.5,17.9,3.35,16.75
CORC,-120.9669,39.4656,1084,2012,2122.70,6.7,13.0,19.3,4.69,19.61
CORC,-120.9669,39.4656,1084,2013,477.13,6.3,13.1,19.9,4.58,19.51
CORC,-120.9669,39.4656,1084,2014,1580.59,8.2,14.2,20.2,5.00,19.47
CORC,-120.9669,39.4656,1084,2015,892.47,7.7,14.1,20.4,4.76,19.70
CORC,-120.9669,39.4656,1084,2016,2129.82,6.8,13.0,19.3,4.46,18.45
CORC,-120.9669,39.4656,1084,2017,2538.56,7.0,13.1,19.2,3.80,18.22
CORC,-120.9669,39.4656,1084,2018,1356.76,7.1,13.5,19.8,4.45,19.24
CORC,-120.9669,39.4656,1084,2019,2092.00,6.1,12.2,18.3,3.34,16.60
CORC,-120.9669,39.4656,1084,2020,835.81,7.4,14.0,20.5,4.92,20.28
CORC,-120.9669,39.4656,1084,2021,1382.70,7.7,13.9,20.1,4.94,20.51
CORC,-120.9669,39.4656,1084,2022,1016.39,7.8,13.9,19.9,5.23,19.79
CORC,-120.9669,39.4656,1084,2023,1615.78,7.4,12.7,17.9,4.25,16.08
CORC,-120.9669,39.4656,1084,2024,1767.87,8.8,13.7,18.6,5.09,16.92
,,,,,,,,,,
NFY,-120.9785,39.5112,837,2010,2073.16,5.5,12.4,19.4,2.13,18.40
NFY,-120.9785,39.5112,837,2011,1368.82,4.7,12.0,19.3,2.12,18.49
NFY,-120.9785,39.5112,837,2012,2038.71,5.7,13.3,20.9,2.94,21.45
NFY,-120.9785,39.5112,837,2013,456.06,5.2,13.2,21.1,2.82,21.33
NFY,-120.9785,39.5112,837,2014,1529.63,6.8,14.4,22.0,2.83,21.99
NFY,-120.9785,39.5112,837,2015,842.20,6.4,14.2,22.1,2.72,22.29
NFY,-120.9785,39.5112,837,2016,2050.03,6.0,13.5,20.9,2.69,20.53
NFY,-120.9785,39.5112,837,2017,2408.05,6.6,13.8,21.0,2.56,20.58
NFY,-120.9785,39.5112,837,2018,1323.90,5.8,13.6,21.5,2.65,21.79
NFY,-120.9785,39.5112,837,2019,1997.55,5.7,12.8,20.0,2.25,19.05
NFY,-120.9785,39.5112,837,2020,802.54,6.1,14.1,22.0,2.99,22.79
NFY,-120.9785,39.5112,837,2021,1424.80,6.2,13.8,21.4,3.02,23.01
NFY,-120.9785,39.5112,837,2022,1042.81,5.5,13.5,21.4,2.83,23.04
NFY,-120.9785,39.5112,837,2023,1594.00,5.2,12.4,19.7,1.68,18.71
NFY,-120.9785,39.5112,837,2024,1748.09,6.1,13.4,20.7,1.88,20.36
,,,,,,,,,,
COLD,-120.2894,39.5271,1897,2010,1044.56,-2.1,6.1,14.3,1.03,14.19
COLD,-120.2894,39.5271,1897,2011,734.62,-2.7,5.7,14.1,0.97,14.13
COLD,-120.2894,39.5271,1897,2012,865.52,-1.6,7.1,15.9,1.53,16.66
COLD,-120.2894,39.5271,1897,2013,197.54,-2.4,6.6,15.6,1.58,16.53
COLD,-120.2894,39.5271,1897,2014,627.73,-0.3,8.0,16.3,1.69,16.33
COLD,-120.2894,39.5271,1897,2015,574.46,-1.0,7.5,16.0,1.37,15.55
COLD,-120.2894,39.5271,1897,2016,942.89,-1.2,7.1,15.4,1.33,15.20
COLD,-120.2894,39.5271,1897,2017,1320.61,-0.7,7.2,15.0,1.21,14.67
COLD,-120.2894,39.5271,1897,2018,643.19,-1.5,7.0,15.5,1.49,15.71
COLD,-120.2894,39.5271,1897,2019,949.17,-2.0,5.9,13.8,0.97,13.14
COLD,-120.2894,39.5271,1897,2020,382.11,-1.3,7.5,16.2,1.58,16.91
COLD,-120.2894,39.5271,1897,2021,689.17,-0.1,8.0,16.0,1.94,16.47
COLD,-120.2894,39.5271,1897,2022,491.93,-1.5,6.9,15.4,1.26,15.53
COLD,-120.2894,39.5271,1897,2023,856.68,-1.8,5.9,13.7,0.78,13.05
COLD,-120.2894,39.5271,1897,2024,652.61,-0.1,7.6,15.4,1.21,15.34
,,,,,,,,,,
HAY,-120.6009,39.5669,1387,2010,2204.96,1.5,9.0,16.5,1.68,16.12
HAY,-120.6009,39.5669,1387,2011,1531.26,0.8,8.7,16.5,1.56,16.24
HAY,-120.6009,39.5669,1387,2012,2144.97,1.9,10.0,18.2,2.26,18.98
HAY,-120.6009,39.5669,1387,2013,491.99,1.3,9.7,18.0,2.16,18.69
HAY,-120.6009,39.5669,1387,2014,1532.89,3.0,11.0,19.1,2.28,19.33
HAY,-120.6009,39.5669,1387,2015,984.86,2.7,10.9,19.1,2.04,19.29
HAY,-120.6009,39.5669,1387,2016,2141.56,2.2,10.1,18.0,1.95,18.12
HAY,-120.6009,39.5669,1387,2017,2780.06,2.6,10.2,17.8,1.84,17.89
HAY,-120.6009,39.5669,1387,2018,1331.02,1.8,10.1,18.4,2.01,19.18
HAY,-120.6009,39.5669,1387,2019,2161.30,1.5,9.1,16.6,1.61,16.29
HAY,-120.6009,39.5669,1387,2020,866.40,2.0,10.5,19.1,2.23,20.29
HAY,-120.6009,39.5669,1387,2021,1492.78,3.0,10.9,18.8,2.40,19.99
HAY,-120.6009,39.5669,1387,2022,1131.90,1.3,9.7,18.2,1.73,18.93
HAY,-120.6009,39.5669,1387,2023,1752.46,0.8,8.6,16.4,1.15,15.66
HAY,-120.6009,39.5669,1387,2024,1830.91,1.8,9.7,17.6,1.25,17.47
,,,,,,,,,,
CSLA,-120.9383,39.6919,1431,2010,2529.97,2.4,9.1,15.9,1.92,15.07
CSLA,-120.9383,39.6919,1431,2011,1824.03,1.9,8.9,15.9,1.92,14.97
CSLA,-120.9383,39.6919,1431,2012,2441.20,3.0,10.3,17.7,2.67,17.82
CSLA,-120.9383,39.6919,1431,2013,542.19,2.7,10.3,17.8,2.62,17.39
CSLA,-120.9383,39.6919,1431,2014,1737.24,4.2,11.2,18.2,2.61,17.38
CSLA,-120.9383,39.6919,1431,2015,1019.61,3.7,11.0,18.3,2.41,17.35
CSLA,-120.9383,39.6919,1431,2016,2373.49,3.3,10.3,17.3,2.34,16.25
CSLA,-120.9383,39.6919,1431,2017,2871.12,3.8,10.5,17.3,2.33,16.40
CSLA,-120.9383,39.6919,1431,2018,1460.70,3.3,10.6,17.9,2.80,17.40
CSLA,-120.9383,39.6919,1431,2019,2406.88,2.7,9.6,16.4,2.02,14.87
CSLA,-120.9383,39.6919,1431,2020,900.21,3.7,11.1,18.5,2.88,18.30
CSLA,-120.9383,39.6919,1431,2021,1682.60,4.4,11.1,17.9,3.17,17.98
CSLA,-120.9383,39.6919,1431,2022,1323.64,4.3,10.9,17.6,3.31,17.07
CSLA,-120.9383,39.6919,1431,2023,2009.78,3.9,9.9,15.9,2.30,14.23
CSLA,-120.9383,39.6919,1431,2024,2286.88,4.9,10.6,16.4,2.20,14.68
,,,,,,,,,,
CACR,-121.2038,39.6983,1214,2010,2719.23,7.3,12.3,17.3,4.36,15.48
CACR,-121.2038,39.6983,1214,2011,1762.53,7.5,12.5,17.5,4.65,15.68
CACR,-121.2038,39.6983,1214,2012,2637.97,8.5,13.7,18.9,5.99,18.48
CACR,-121.2038,39.6983,1214,2013,540.04,8.7,14.2,19.7,5.85,18.53
CACR,-121.2038,39.6983,1214,2014,1937.90,9.9,14.8,19.8,5.98,18.43
CACR,-121.2038,39.6983,1214,2015,999.46,9.8,14.9,19.9,5.95,18.60
CACR,-121.2038,39.6983,1214,2016,2594.16,9.1,14.0,18.8,5.53,17.24
CACR,-121.2038,39.6983,1214,2017,2876.09,9.3,14.1,18.9,5.71,17.48
CACR,-121.2038,39.6983,1214,2018,1509.76,9.5,14.4,19.4,6.18,18.19
CACR,-121.2038,39.6983,1214,2019,2563.12,8.3,13.1,17.9,4.73,15.65
CACR,-121.2038,39.6983,1214,2020,914.08,9.9,15.1,20.2,6.51,19.29
CACR,-121.2038,39.6983,1214,2021,1670.96,9.5,14.4,19.2,6.73,18.90
CACR,-121.2038,39.6983,1214,2022,1261.00,9.1,14.2,19.3,6.40,18.36
CACR,-121.2038,39.6983,1214,2023,1973.10,8.4,12.8,17.2,4.83,14.82
CACR,-121.2038,39.6983,1214,2024,2365.77,9.9,13.6,17.3,5.78,15.29
,,,,,,,,,,
BCC,-121.7075,39.8697,312,2010,1454.00,9.4,15.6,21.8,3.19,20.23
BCC,-121.7075,39.8697,312,2011,1022.49,8.7,15.3,21.8,3.64,20.60
BCC,-121.7075,39.8697,312,2012,1320.60,9.5,16.3,23.2,4.51,23.77
BCC,-121.7075,39.8697,312,2013,309.84,9.1,16.5,23.9,4.44,24.67
BCC,-121.7075,39.8697,312,2014,1230.40,10.8,17.6,24.4,4.67,24.75
BCC,-121.7075,39.8697,312,2015,534.46,10.4,17.4,24.4,4.46,24.54
BCC,-121.7075,39.8697,312,2016,1614.64,10.4,16.8,23.2,4.13,22.59
BCC,-121.7075,39.8697,312,2017,1319.32,10.5,17.0,23.5,4.21,23.71
BCC,-121.7075,39.8697,312,2018,862.43,9.9,16.9,24.0,4.64,24.69
BCC,-121.7075,39.8697,312,2019,1380.59,10.0,16.5,23.0,3.90,22.58
BCC,-121.7075,39.8697,312,2020,461.68,10.4,17.5,24.6,5.16,26.26
BCC,-121.7075,39.8697,312,2021,877.43,11.4,17.7,24.1,5.74,26.04
BCC,-121.7075,39.8697,312,2022,604.97,11.5,18.0,24.5,6.89,27.30
BCC,-121.7075,39.8697,312,2023,1017.11,11.3,16.9,22.5,5.26,21.89
BCC,-121.7075,39.8697,312,2024,1308.73,12.5,17.7,22.9,6.17,22.65
,,,,,,,,,,
MVC,-121.0446,39.9300,1168,2010,1126.00,2.6,10.2,17.8,1.63,17.39
MVC,-121.0446,39.9300,1168,2011,731.65,1.8,9.7,17.6,1.60,17.15
MVC,-121.0446,39.9300,1168,2012,1207.36,2.7,11.0,19.4,2.21,20.56
MVC,-121.0446,39.9300,1168,2013,280.02,1.9,10.6,19.4,1.98,19.92
MVC,-121.0446,39.9300,1168,2014,867.89,3.5,11.9,20.3,2.03,20.59
MVC,-121.0446,39.9300,1168,2015,561.40,3.3,11.8,20.3,1.90,20.32
MVC,-121.0446,39.9300,1168,2016,1242.09,3.1,11.1,19.2,1.93,19.06
MVC,-121.0446,39.9300,1168,2017,1475.41,3.2,11.1,19.1,1.73,19.27
MVC,-121.0446,39.9300,1168,2018,768.77,2.6,11.1,19.5,1.91,19.80
MVC,-121.0446,39.9300,1168,2019,1271.98,2.3,10.2,18.1,1.40,17.26
MVC,-121.0446,39.9300,1168,2020,499.38,2.8,11.5,20.2,2.10,21.22
MVC,-121.0446,39.9300,1168,2021,915.86,2.7,11.3,19.8,2.12,21.60
MVC,-121.0446,39.9300,1168,2022,653.24,2.6,11.0,19.4,2.39,20.89
MVC,-121.0446,39.9300,1168,2023,1095.37,2.0,10.0,17.9,1.22,17.27
MVC,-121.0446,39.9300,1168,2024,1238.90,2.0,10.2,18.5,0.65,17.85
,,,,,,,,,,
BUT,-121.4882,40.1081,1583,2010,2109.17,2.2,8.6,14.9,2.44,13.44
BUT,-121.4882,40.1081,1583,2011,1379.42,2.3,8.8,15.3,2.44,13.92
BUT,-121.4882,40.1081,1583,2012,1971.41,3.0,9.7,16.3,3.40,15.75
BUT,-121.4882,40.1081,1583,2013,449.48,3.4,10.3,17.2,3.20,16.20
BUT,-121.4882,40.1081,1583,2014,1561.00,4.6,10.9,17.2,3.18,15.92
BUT,-121.4882,40.1081,1583,2015,839.36,4.5,11.0,17.4,3.07,16.04
BUT,-121.4882,40.1081,1583,2016,2270.63,3.8,10.0,16.2,2.85,14.77
BUT,-121.4882,40.1081,1583,2017,2171.15,4.0,10.3,16.5,3.16,15.70
BUT,-121.4882,40.1081,1583,2018,1204.36,3.6,10.2,16.7,3.54,15.79
BUT,-121.4882,40.1081,1583,2019,2001.07,2.7,8.9,15.2,2.71,13.58
BUT,-121.4882,40.1081,1583,2020,691.39,4.2,10.8,17.3,3.48,16.85
BUT,-121.4882,40.1081,1583,2021,1296.59,4.0,10.5,17.0,3.94,16.96
BUT,-121.4882,40.1081,1583,2022,916.03,3.7,10.2,16.8,3.63,16.36
BUT,-121.4882,40.1081,1583,2023,1489.99,2.3,8.7,15.0,2.07,13.56
BUT,-121.4882,40.1081,1583,2024,1875.89,1.3,8.4,15.6,1.54,14.37
,,,,,,,,,,
WBUT,-121.4735,40.1191,1538,2010,2152.85,1.8,8.5,15.2,2.16,13.85
WBUT,-121.4735,40.1191,1538,2011,1414.47,1.7,8.6,15.5,2.13,14.24
WBUT,-121.4735,40.1191,1538,2012,2028.34,2.5,9.6,16.6,3.00,16.21
WBUT,-121.4735,40.1191,1538,2013,448.43,2.6,10.0,17.3,2.69,16.49
WBUT,-121.4735,40.1191,1538,2014,1598.07,4.0,10.7,17.5,2.69,16.37
WBUT,-121.4735,40.1191,1538,2015,888.94,3.7,10.7,17.7,2.56,16.46
WBUT,-121.4735,40.1191,1538,2016,2321.62,3.1,9.8,16.5,2.31,15.14
WBUT,-121.4735,40.1191,1538,2017,2230.18,3.4,10.1,16.7,2.66,16.03
WBUT,-121.4735,40.1191,1538,2018,1235.49,3.0,10.0,17.1,3.03,16.22
WBUT,-121.4735,40.1191,1538,2019,2085.57,2.2,8.9,15.7,2.29,14.06
WBUT,-121.4735,40.1191,1538,2020,700.14,3.4,10.5,17.6,2.88,17.30
WBUT,-121.4735,40.1191,1538,2021,1339.17,3.0,10.1,17.3,3.19,17.45
WBUT,-121.4735,40.1191,1538,2022,980.10,3.3,10.2,17.1,3.42,16.90
WBUT,-121.4735,40.1191,1538,2023,1534.17,2.2,8.8,15.3,1.95,14.12
WBUT,-121.4735,40.1191,1538,2024,1915.63,1.4,8.6,15.9,1.52,14.72
,,,,,,,,,,
MAR,-121.5926,40.3485,1519,2010,1814.44,2.0,8.8,15.6,2.05,14.44
MAR,-121.5926,40.3485,1519,2011,1220.46,1.8,8.9,16.0,2.00,14.88
MAR,-121.5926,40.3485,1519,2012,1796.15,2.7,9.8,16.9,2.69,16.58
MAR,-121.5926,40.3485,1519,2013,467.67,2.5,9.9,17.3,2.49,16.59
MAR,-121.5926,40.3485,1519,2014,1579.18,4.0,10.8,17.6,2.58,16.54
MAR,-121.5926,40.3485,1519,2015,815.50,3.8,10.8,17.8,2.47,16.43
MAR,-121.5926,40.3485,1519,2016,2037.73,3.2,9.9,16.6,2.31,15.28
MAR,-121.5926,40.3485,1519,2017,1946.88,3.4,10.2,16.9,2.58,16.34
MAR,-121.5926,40.3485,1519,2018,1156.88,2.8,10.0,17.2,2.64,16.24
MAR,-121.5926,40.3485,1519,2019,1770.66,2.3,8.8,15.4,1.99,13.39
MAR,-121.5926,40.3485,1519,2020,682.67,3.0,10.4,17.5,2.54,17.31
MAR,-121.5926,40.3485,1519,2021,1171.72,2.9,10.2,17.4,2.71,17.69
MAR,-121.5926,40.3485,1519,2022,891.82,2.2,9.6,17.0,2.52,16.75
MAR,-121.5926,40.3485,1519,2023,1391.96,1.1,8.2,15.3,1.22,13.54
MAR,-121.5926,40.3485,1519,2024,1678.34,1.9,9.0,16.1,1.59,14.92
,,,,,,,,,,
NFFR,-121.4127,40.3531,1680,2010,1550.63,1.4,7.7,14.1,1.93,13.09
NFFR,-121.4127,40.3531,1680,2011,1091.53,1.0,7.6,14.2,1.90,13.20
NFFR,-121.4127,40.3531,1680,2012,1505.89,1.9,8.7,15.5,2.53,15.27
NFFR,-121.4127,40.3531,1680,2013,445.94,1.9,9.1,16.2,2.50,15.63
NFFR,-121.4127,40.3531,1680,2014,1329.27,3.2,9.9,16.5,2.52,15.61
NFFR,-121.4127,40.3531,1680,2015,726.75,3.0,9.8,16.7,2.38,15.54
NFFR,-121.4127,40.3531,1680,2016,1693.35,2.4,8.9,15.4,2.13,14.31
NFFR,-121.4127,40.3531,1680,2017,1646.36,2.6,9.1,15.6,2.31,14.96
NFFR,-121.4127,40.3531,1680,2018,989.70,2.2,9.1,15.9,2.42,15.05
NFFR,-121.4127,40.3531,1680,2019,1589.72,1.8,8.2,14.7,1.90,13.07
NFFR,-121.4127,40.3531,1680,2020,633.08,2.7,9.7,16.7,2.62,16.30
NFFR,-121.4127,40.3531,1680,2021,1000.02,2.4,9.4,16.4,2.55,16.30
NFFR,-121.4127,40.3531,1680,2022,774.76,2.4,9.2,15.9,2.92,15.72
NFFR,-121.4127,40.3531,1680,2023,1253.07,1.7,8.0,14.2,1.79,12.69
NFFR,-121.4127,40.3531,1680,2024,1516.87,2.1,8.5,14.9,2.03,13.73
,,,,,,,,,,
WAR,-121.3067,40.3643,1537,2010,1319.58,-0.5,7.4,15.2,1.13,15.39
WAR,-121.3067,40.3643,1537,2011,927.43,-1.4,6.9,15.2,1.10,15.23
WAR,-121.3067,40.3643,1537,2012,1298.50,-0.6,8.0,16.6,1.49,17.97
WAR,-121.3067,40.3643,1537,2013,365.71,-1.7,7.5,16.7,1.27,17.75
WAR,-121.3067,40.3643,1537,2014,1128.61,0.7,9.2,17.7,1.42,17.83
WAR,-121.3067,40.3643,1537,2015,627.41,0.4,9.1,17.7,1.19,17.72
WAR,-121.3067,40.3643,1537,2016,1482.88,0.1,8.1,16.2,1.19,16.02
WAR,-121.3067,40.3643,1537,2017,1439.11,0.2,8.2,16.3,1.09,16.34
WAR,-121.3067,40.3643,1537,2018,867.28,-0.5,8.1,16.6,1.19,16.65
WAR,-121.3067,40.3643,1537,2019,1398.23,-0.7,7.2,15.2,0.85,14.39
WAR,-121.3067,40.3643,1537,2020,564.77,-0.6,8.4,17.4,1.27,17.98
WAR,-121.3067,40.3643,1537,2021,862.91,-0.8,8.2,17.1,1.19,17.85
WAR,-121.3067,40.3643,1537,2022,658.75,-1.3,7.6,16.4,1.30,17.40
WAR,-121.3067,40.3643,1537,2023,1115.97,-1.5,6.8,15.0,0.83,14.36
WAR,-121.3067,40.3643,1537,2024,1281.73,-0.4,7.6,15.7,1.29,15.63
,,,,,,,,,,
GSW,-121.3990,40.4696,1882,2010,2378.66,0.0,6.6,13.2,1.56,12.18
GSW,-121.3990,40.4696,1882,2011,1506.13,-0.4,6.5,13.4,1.41,12.29
GSW,-121.3990,40.4696,1882,2012,2139.68,0.6,7.5,14.4,2.06,13.94
GSW,-121.3990,40.4696,1882,2013,693.61,0.4,7.7,15.1,1.93,14.37
GSW,-121.3990,40.4696,1882,2014,2144.89,1.8,8.6,15.4,1.98,14.30
GSW,-121.3990,40.4696,1882,2015,1154.79,1.7,8.6,15.6,1.93,14.25
GSW,-121.3990,40.4696,1882,2016,2556.97,0.9,7.7,14.4,1.67,13.15
GSW,-121.3990,40.4696,1882,2017,2305.63,1.1,7.8,14.5,1.83,13.73
GSW,-121.3990,40.4696,1882,2018,1374.99,0.6,7.7,14.8,1.88,13.73
GSW,-121.3990,40.4696,1882,2019,2288.25,0.2,7.0,13.7,1.37,11.96
GSW,-121.3990,40.4696,1882,2020,912.00,1.1,8.3,15.6,2.02,14.94
GSW,-121.3990,40.4696,1882,2021,1228.53,1.0,8.1,15.2,2.19,14.95
GSW,-121.3990,40.4696,1882,2022,947.52,1.0,7.9,14.9,2.49,14.37
GSW,-121.3990,40.4696,1882,2023,1615.25,0.1,6.7,13.3,1.46,11.77
GSW,-121.3990,40.4696,1882,2024,1895.44,0.9,7.5,14.1,1.93,13.12
,,,,,,,,,,
TBCG,-121.4661,40.6305,1422,2010,813.28,0.8,8.2,15.5,1.59,15.04
TBCG,-121.4661,40.6305,1422,2011,625.01,-0.2,7.8,15.7,1.55,15.39
TBCG,-121.4661,40.6305,1422,2012,844.97,0.6,8.8,17.0,1.82,17.74
TBCG,-121.4661,40.6305,1422,2013,296.38,-0.4,8.3,17.0,1.73,17.48
TBCG,-121.4661,40.6305,1422,2014,709.29,1.9,10.0,18.1,1.89,17.93
TBCG,-121.4661,40.6305,1422,2015,408.19,1.9,10.0,18.1,1.79,17.66
TBCG,-121.4661,40.6305,1422,2016,942.38,1.6,9.2,16.8,1.60,16.21
TBCG,-121.4661,40.6305,1422,2017,756.51,1.4,9.1,16.8,1.58,16.75
TBCG,-121.4661,40.6305,1422,2018,608.57,0.7,8.9,17.0,1.55,16.65
TBCG,-121.4661,40.6305,1422,2019,884.56,0.7,8.2,15.7,1.24,14.60
TBCG,-121.4661,40.6305,1422,2020,445.23,0.8,9.3,17.7,1.75,18.18
TBCG,-121.4661,40.6305,1422,2021,800.85,-0.4,8.7,17.7,1.24,18.69
TBCG,-121.4661,40.6305,1422,2022,557.18,-0.6,8.4,17.5,1.52,18.21
TBCG,-121.4661,40.6305,1422,2023,949.65,-0.8,7.6,15.9,0.99,15.05
TBCG,-121.4661,40.6305,1422,2024,1138.71,-0.6,8.0,16.5,0.77,15.93
,,,,,,,,,,
AMC,-121.8374,40.8612,1211,2010,2224.69,6.5,11.7,16.9,3.68,15.27
AMC,-121.8374,40.8612,1211,2011,1162.06,6.5,11.9,17.4,3.77,15.82
AMC,-121.8374,40.8612,1211,2012,1864.72,7.3,12.8,18.4,4.83,18.03
AMC,-121.8374,40.8612,1211,2013,655.09,7.4,13.3,19.2,4.82,18.65
AMC,-121.8374,40.8612,1211,2014,1839.77,8.8,14.1,19.3,5.08,18.55
AMC,-121.8374,40.8612,1211,2015,1057.98,8.7,14.1,19.4,4.93,18.22
AMC,-121.8374,40.8612,1211,2016,2492.92,8.2,13.2,18.1,4.61,16.71
AMC,-121.8374,40.8612,1211,2017,2344.51,8.3,13.4,18.5,5.04,17.89
AMC,-121.8374,40.8612,1211,2018,1406.21,8.3,13.5,18.7,5.15,17.81
AMC,-121.8374,40.8612,1211,2019,2233.85,7.3,12.4,17.4,3.98,15.57
AMC,-121.8374,40.8612,1211,2020,1019.87,8.4,13.9,19.4,5.20,19.15
AMC,-121.8374,40.8612,1211,2021,1408.04,7.4,12.8,18.2,5.05,18.85
AMC,-121.8374,40.8612,1211,2022,951.95,6.6,12.3,18.0,4.69,17.99
AMC,-121.8374,40.8612,1211,2023,1775.24,5.3,10.7,16.0,2.83,14.42
AMC,-121.8374,40.8612,1211,2024,2202.06,5.7,10.9,16.1,2.96,14.75
,,,,,,,,,,
MCL,-121.8803,41.2554,1181,2010,1962.80,-0.1,8.3,16.7,0.42,15.55
MCL,-121.8803,41.2554,1181,2011,1098.21,-0.9,8.0,16.9,0.48,16.12
MCL,-121.8803,41.2554,1181,2012,1685.73,-0.5,9.0,18.4,0.75,19.04
MCL,-121.8803,41.2554,1181,2013,431.31,-1.2,8.8,18.7,0.81,19.57
MCL,-121.8803,41.2554,1181,2014,1250.39,1.3,10.2,19.1,0.93,19.05
MCL,-121.8803,41.2554,1181,2015,868.03,1.2,10.3,19.5,0.82,18.83
MCL,-121.8803,41.2554,1181,2016,2036.29,0.7,9.2,17.8,0.69,16.96
MCL,-121.8803,41.2554,1181,2017,1850.03,0.5,9.2,18.0,0.70,17.66
MCL,-121.8803,41.2554,1181,2018,1033.38,0.2,9.5,18.8,0.74,18.25
MCL,-121.8803,41.2554,1181,2019,1779.13,0.0,8.7,17.3,0.64,15.94
MCL,-121.8803,41.2554,1181,2020,717.45,-0.1,9.6,19.3,0.73,19.28
MCL,-121.8803,41.2554,1181,2021,1005.45,-0.7,9.2,19.1,0.45,20.13
MCL,-121.8803,41.2554,1181,2022,653.09,-1.1,8.8,18.7,0.83,19.42
MCL,-121.8803,41.2554,1181,2023,1338.43,-1.0,8.2,17.4,0.55,16.81
MCL,-121.8803,41.2554,1181,2024,1589.04,0.5,9.3,18.1,0.41,17.93